Video ID,Video Recording Date,Video Recording Altitude,Video Recording Latitude,Video Recording Longitude
_xGn5j3rf5U,2009-06-15T00:00:00+00:00,0,0,0
XvXojwt_osE,2009-06-06T00:00:00+00:00,0,0,0
44m37_Wde2Q,,0,0,0
jZJTAbsXKjM,,0,0,0
PY_TiW-7WAs,2009-10-16T00:00:00+00:00,0,0,0
2r2jNCyuV6U,,0,0,0
DZ_f7yOAzPU,,0,0,0
vT7-dKrc0jg,,0,0,0
VS_4dTu7rh4,,0,0,0
1c86FyqeiAw,,0,0,0
Ben8IQRI1Mc,,0,0,0
9D0dZgnvGSo,,0,0,0
zsAq15k5lUA,,0,0,0
XSuYPCFZ-Ww,,0,0,0
N2OpUIMhNRM,,0,0,0
qQJwBIApALY,,0,0,0
kKtK40XFyL4,,0,0,0
xi3f1VWztTE,,0,0,0
6F9JV_dAj4M,,0,0,0
3ZKOxj3vrmQ,,0,0,0
ubLYXLXAmjU,,0,0,0
fpaYIgV3IJU,,0,0,0
o6F6SN0Sclg,,0,0,0
pS9su36fAAw,,0,0,0
2pRpjonjZcw,2011-01-06T00:00:00+00:00,0,0,0
ATDsDyRPk-w,,0,0,0
4JgYGOxSgyw,,0,0,0
yWdj97PXAk4,,0,0,0
gJDprOIIi0o,2011-04-21T00:00:00+00:00,0,0,0
K7tvNzgZgMs,,0,0,0
yr3O2lcyW-Y,,0,0,0
7yk4J6GRAUo,,0,0,0
O6aKUJlvTyk,,0,0,0
nubiCdk4WrQ,,0,0,0
cjr4TPqxrkI,,0,0,0
Ya1LCVjnP34,,0,0,0
AMhuVM6vfz0,,0,0,0
3nv3CrwkEfg,,0,0,0
gQzc2J3mslg,,0,0,0
nVgWHHdKlmE,,0,0,0
GyfKrDb0ONw,,0,0,0
KNC6jm_zHJQ,,0,0,0
8QSOvPjt_jU,,0,0,0
9SvRuJRierQ,,0,0,0
bUrP4lyqbgk,,0,0,0
aMZvg0OMaW0,,0,0,0
i70uZUAJ7JU,,0,0,0
LiH2gImubaM,,0,0,0
6fPB1oIKkXI,,0,0,0
lu4DnEQXc2o,,0,0,0
ye2MjxPOfm0,,0,0,0
BtE3O_OcGRU,,0,0,0
gL5FfXN8BGs,,0,0,0
8b5kIdfnsh4,,0,0,0
VS8F83xsuW0,,0,0,0
StJOeh1-acw,,0,0,0
ltIYF6tcz3I,,0,0,0
kbOjvA-EVLo,,0,0,0
LQiZwTibuI4,,0,0,0
8FTJS_acZG4,,0,0,0
FmcoFbWJwfw,,0,0,0
h_ZaDsee1Rw,,0,0,0
4lUfMzUsgHg,,0,0,0
1nJQ4FA71kM,,0,0,0
T4lpZBRDc-k,,0,0,0
Gmy6866Lb4A,2012-11-21T00:00:00+00:00,0,0,0
XQfSlL5rIws,,0,0,0
_mCS_rX3rcY,,0,0,0
pAPI5DLvVUU,,0,0,0
vD0JWSxszeU,,0,0,0
UN5OoGT3ldA,,0,0,0
EZaHTZvNTPU,,0,0,0
xvMr9RPHWXc,,0,0,0
6QIoqv11KfI,,0,0,0
5WzF4GxVItk,,0,0,0
E-2H74KusZ0,,0,0,0
hxwpeGRlSrg,,0,0,0
doi2dtzHZCA,,0,0,0
t1DEbqaPc6c,,0,0,0
7Bs6bN0Dfhw,,0,0,0
0ncQn_h6sYY,,0,0,0
aK3cQ9ke1g8,,0,0,0
66dt3e3Xlqk,,0,0,0
vgge21hISjw,,0,0,0
ztO4JbnSD8o,,0,0,0
jdgjAoJXeEI,,0,0,0
oBspou1sxgA,,0,0,0
7_k2u1dSdVg,,0,0,0
u6mxoy-fF-w,,0,0,0
Ghvp1T2-2Vs,,0,0,0
G3TKyVfksK0,,0,0,0
w5KcJbnMYCo,,0,0,0
NWnqKdEIDzY,,0,0,0
4BjC7LxJ8d4,,0,0,0
vE-uJiFMuX0,,0,0,0
N-TQ6w6yJ0U,,0,0,0
OASVWXt-Zdc,,0,0,0
glidyTAT-jM,,0,0,0
g-XPlErWsO4,,0,0,0
zDby5YRzQEs,,0,0,0
Da1u_kv5_7I,,0,0,0
kTKpsCr4M-E,,0,0,0
ldqPwEIgFjk,,0,0,0
kGcy1-FQq2A,,0,0,0
Wws4eyHxJr0,,0,0,0
FpS9Z-pt2vI,,0,0,0
_ORjOFBofuw,,0,0,0
dW2KMONEoPU,,0,0,0
qGlE7T142po,,0,0,0
_iWde9JQttI,,0,0,0
iSfFPpk6iIA,,0,0,0
PzcF89A2iYY,,0,0,0
Z49JZD6DMLg,,0,0,0
79DcNcx9Qf8,,0,0,0
M_SRXSn5sNU,,0,0,0
o7FS86kB0wc,,0,0,0
nsmjutUKPWw,,0,0,0
Bj06c1KlKzM,,0,0,0
5qBuKNRO7Go,,0,0,0
RxhDa6FOXMg,,0,0,0
Ph9Iz3L0hQs,,0,0,0
FmksO_DA0Zw,,0,0,0
qve4F5FI62k,,0,0,0
mMBJIzU-RJg,,0,0,0
PQ9sKJAXp08,,0,0,0
ZH0u8oWFCeA,,0,0,0
Rcuy6KnkmaQ,,0,0,0
Phupltm6Ubs,,0,0,0
igPWFBhG36s,,0,0,0
TJR4xNtnIV0,,0,0,0
dL7-JvBonm8,,0,0,0
ath-pZxPaNM,,0,0,0
ZzYS555_Kas,,0,0,0
ieWh3i3jmRE,,0,0,0
5_QGEM2rj7I,,0,0,0
wtFZrvUyshg,,0,0,0
C92wxoTAtw4,,0,0,0
CSR9hap-7VA,,0,0,0
gNzYFT5j52c,,0,0,0
F4dpHqqLf_s,,0,0,0
5cWB-2rIKeo,,0,0,0
kiFQnGp8bf0,,0,0,0
CyLSV7ySEc8,,0,0,0
Dv--pvxN-wk,,0,0,0
d1-69zSnJd8,,0,0,0
Th5r0n4gxU4,,0,0,0
lenjv5A8Hm4,,0,0,0
uL4KKffWUDk,,0,0,0
km_i4qsNzD0,,0,0,0
KzLtg--xgTM,,0,0,0
bWT1ULB0uKA,,0,0,0
NZhfIRhgYfg,,0,0,0
0jwl-6sWOUs,,0,0,0
n42kCVaqudo,,0,0,0
SZb4A8vyZEI,,0,0,0
Oz7z1-xI_Xk,,0,0,0
C5wep2OAogw,,0,0,0
DUv8tI2Mspk,,0,0,0
OpsD_yHlwu8,,0,0,0
c0y_5wHMM1k,,0,0,0
66s7BkgbLqk,,0,0,0
zRMJRCocq-w,,0,0,0
RQlix2zE5X4,,0,0,0
AcPav5chTow,,0,0,0
ppWiTlqr73g,,0,0,0
wizYIMNoZF4,,0,0,0
B_ge9oUlL4g,,0,0,0
Hzdglu2has0,,0,0,0
90lsazuUzJU,,0,0,0
G4n36NADYqg,,0,0,0
JYYw402_1ks,,0,0,0
S2rFxRSWPdQ,,0,0,0
SZcbyccqmVg,,0,0,0
BNEdbMsowCo,,0,0,0
LMVuTqg9ycQ,,0,0,0
B63ktsCKCF8,,0,0,0
KtoPAdpVFPU,,0,0,0
Q-6X6cncZ38,,0,0,0
We6roN3szMc,,0,0,0
m1zKekcsUMQ,,0,0,0
o7LUNvjq134,,0,0,0
Hk33vjSdlkY,,0,0,0
s_c1uKblQVE,,0,0,0
QvTyXNONkyQ,,0,0,0
qwZBofQxPlI,,0,0,0
KrQ6kA-j2C0,,0,0,0
Sg2c6DJIas0,,0,0,0
0bwvcgMx-Rg,,0,0,0
NSpaVg49NYU,,0,0,0
32xcsY5hkjI,,0,0,0
4l52rFw6IRk,,0,0,0
e8a05CY70-8,,0,0,0
IMX-mScoavg,,0,0,0
2nOigTuApZU,,0,0,0
O2n5s-43Nj4,,0,0,0
F-yESKD1q4M,,0,0,0
RtVyP5AobfU,,0,0,0
jMJwTdy28ZA,,0,0,0
AogBLCGxEo8,,0,0,0
I0M-s5uPqB4,,0,0,0





