Playlist ID,Add new videos to top,Playlist Description (Original),Playlist Title (Original),Playlist Title (Original) Language,Playlist Create Timestamp,Playlist Update Timestamp,Playlist Video Order,Playlist Visibility
PLwPYvYbokJC_3ub593vJtZigxA8h5tJ0-,False,,Rapid Fire | Sweety High,,2018-07-26T21:48:30+00:00,2019-01-09T23:15:33+00:00,Manual,Unlisted
PLwPYvYbokJC8lSR1IjBwHezeo6sThz_AT,False,,Get Pop Cultured | Sweety High,,2019-07-18T20:45:49+00:00,2020-04-02T21:36:22+00:00,Manual,Public
PLwPYvYbokJC8NQGJKPgEwdSp3VM8Vhjxr,False,#Shortsmas,Christmas Shorts,,2022-12-01T22:46:13+00:00,2023-01-29T03:04:46+00:00,Manual,Public
PLwPYvYbokJC-VTARB5SFFCIqrfBmgwCgn,False,,SweetBeat TV,,2019-03-06T00:22:14+00:00,2023-11-15T20:34:09+00:00,Manual,Public
PLwPYvYbokJC_imwdUxppzeRuYvJ-GR67q,False,,Celebrities Play Games | Sweety High,,2018-10-24T23:37:01+00:00,2019-09-10T17:51:26+00:00,Date Published (Newest),Public
PLwPYvYbokJC8nye60I2wJu9rWP24AaYVC,False,Interviews with our favorite talent shot in the Sweety High studio! Follow us on social media @sweetyhigh for all the behind the scenes action.,In Studio Interviews | Sweety High,,2017-03-29T16:50:50+00:00,2019-04-12T00:35:08+00:00,Manual,Public
PLwPYvYbokJC_feimfGXVUVE-xPsDMu4Sk,False,,Sweety High Example Junkets,,2022-05-05T00:52:29+00:00,2022-09-08T16:22:31+00:00,Manual,Unlisted
PLwPYvYbokJC-aUnTrJlND-c2u2CPom0ZR,False,Try these amazing nail art tutorials from G Hannelius of Disney's Dog with a Blog!,G Nails | Sweety High,,2014-08-12T21:24:10+00:00,2018-11-12T23:06:26+00:00,Date Published (Newest),Public
PLwPYvYbokJC-1twlRQxCliSQ1t3055J3S,False,,Music Monday,,2020-03-09T22:06:53+00:00,2023-08-14T22:42:08+00:00,Manual,Public
PLwPYvYbokJC84ZDUQeFtTLDgRLRRcqSfq,False,,Share or Dare | Sweety High,,2018-08-29T21:19:05+00:00,2020-11-20T20:00:08+00:00,Manual,Public
PLwPYvYbokJC-4hoSPtbA-Yc5OtHBlLptd,False,,Lilly K Shorts,,2022-07-07T18:32:44+00:00,2023-09-18T20:45:42+00:00,Most Popular,Public
RLTDeToWA4eh8kzRWjz-_6AZtg,False,,,,2022-03-23T14:18:02+00:00,2022-05-05T23:09:27+00:00,Manual,Public
PLwPYvYbokJC9TIhCHwt94Bfwvj6aEgCzy,False,,Temporary Transformation | Sweety High,,2018-07-02T19:29:41+00:00,2019-01-09T22:33:44+00:00,Date Published (Newest),Public
FLeToWA4eh8kzRWjz-_6AZtg,True,,Favorites,en_US,2009-07-02T01:15:02+00:00,2023-06-26T19:51:53+00:00,Manual,Private
PLwPYvYbokJC9KmmF0wgSBAcPmmvnn3CCB,False,,Tegan Marie | Sweety High,,2018-07-04T09:33:53+00:00,2021-01-27T17:38:23+00:00,Date Published (Newest),Private
PLwPYvYbokJC9JdLVB0kRMNXa4HN4-q8qM,False,Celebrate Halloween with some of our favorite halloween takeovers!,Halloween Shorts,,2022-10-06T17:19:07+00:00,2023-01-12T23:24:23+00:00,Date Published (Newest),Public
PLwPYvYbokJC-oUM8L7FhLOSZLRKrzE-Ue,False,,Beauty | Sweety High,,2013-06-07T00:26:20+00:00,2020-05-13T18:02:38+00:00,Date Published (Newest),Public
PLwPYvYbokJC8BjTTUJuYuh4NfxXZfPyMb,False,,VidCon 2022,,2022-06-27T23:47:44+00:00,2022-06-28T18:18:59+00:00,Manual,Public
PLwPYvYbokJC-5l-GtopaPh7iZjXYjMtLy,False,,Cimorelli | Sweety High,,2014-09-29T21:26:10+00:00,2018-11-12T23:06:21+00:00,Date Published (Newest),Public
PLwPYvYbokJC-UkyJo3qNPmWDdM4Ujm1DE,False,,Jake Miller | Sweety High,,2014-11-03T21:20:50+00:00,2018-11-09T18:11:52+00:00,Date Published (Newest),Public
PLwPYvYbokJC-dojC9MHEf0v5fbRzNTXjw,False,,BEST OF SWEETY HIGH,,2016-05-13T21:38:29+00:00,2020-04-17T14:34:10+00:00,Manual,Public
PLwPYvYbokJC_ArcujC6vzjUID-jpSlhnw,False,Your favorite stars react to old photos of themselves!,#TBT ME | Sweety High,,2018-03-13T21:35:03+00:00,2019-10-02T18:54:17+00:00,Manual,Public
PLwPYvYbokJC9VI28R9mT5pMwyGMyYfDs8,False,,TV and Film Facts | Sweety High,,2018-09-12T01:20:45+00:00,2018-11-12T23:10:00+00:00,Date Published (Newest),Public
PLwPYvYbokJC8wRpdLPYzljL2EU4CmmpYR,False,,Annie LeBlanc,,2020-04-16T19:49:34+00:00,2020-04-16T20:18:41+00:00,Manual,Public
PLwPYvYbokJC-nhQvUgYwqgxplJA3MPOfk,False,"As one of our all-time favs, check out some of the best Annie LeBlanc moments.",Annie LeBlanc,,2020-04-16T19:43:52+00:00,2020-04-16T19:45:10+00:00,Manual,Public
PLwPYvYbokJC9n5X9obwNgfeTbGvqUIUXe,False,,The Influential Influencer | Sweety High,,2018-11-15T18:48:14+00:00,2019-07-10T18:33:40+00:00,Manual,Unlisted
PLwPYvYbokJC_Q5JOWOscQLMUKn-N99MV7,False,#Shorts,Shorts,,2021-12-18T04:04:02+00:00,2023-09-18T20:45:42+00:00,Most Popular,Public
PLwPYvYbokJC865Xn9yj7uEGwEa1inFrRJ,False,,SweetBeat TV Shorts,,2022-10-06T17:20:13+00:00,2023-09-06T20:17:01+00:00,Date Published (Newest),Public
PLwPYvYbokJC_kP4rOtRoU3ezS4euPL-Jm,False,"Check out our FAV, Lilly K!",Lilly K,,2021-01-27T03:50:40+00:00,2021-05-29T01:29:58+00:00,Date Added (Newest),Public
PLwPYvYbokJC8_SV-Ncje7UHMnFva8J5Fa,False,,Sweety High Originals,,2019-11-09T00:00:56+00:00,2020-05-14T22:54:56+00:00,Manual,Public
PLwPYvYbokJC-nHMsFxEKnCHdMrGrx60Ge,False,"""Sweety"" the web series is a look into the lives of 4 best friends navigating the sometimes treacherous, often hilarious, waters of high school.",Original Series | Sweety High,,2013-01-19T21:15:37+00:00,2020-05-28T23:45:03+00:00,Date Published (Newest),Public
PLwPYvYbokJC_8RJ1KRW0nHVnaJbdXoO2c,False,"Which star knows their trivia, and which one will GET SCHOOL'D?",Get School'd | Sweety High,,2018-03-13T21:30:38+00:00,2019-02-12T00:33:45+00:00,Manual,Unlisted
PL8C3B5D4E1D479461,False,Get advice for staying safe online!,PSA | Sweety High,,2010-12-14T23:58:48+00:00,2018-11-09T01:26:14+00:00,Manual,Public
PLwPYvYbokJC8_ruZZJTdzXyfECo7_xyfT,False,,Game For Anything | Sweety High,,2019-11-05T22:32:48+00:00,2019-12-04T00:46:15+00:00,Manual,Public
PLwPYvYbokJC8ydrRiEAUuqgEueRw7No60,False,Performed live at Sweety High studios!,Performances | Sweety High,,2017-10-10T21:25:35+00:00,2020-11-16T06:12:08+00:00,Date Published (Newest),Public
PLwPYvYbokJC9DJFP7TSqy6Q_OwQPZ2kpN,False,,DIY | Sweety High,,2014-02-08T01:02:10+00:00,2020-05-13T18:02:38+00:00,Manual,Public
PLwPYvYbokJC-G1vL0U6077EQDZitVqHhC,False,,This or That | Sweety High,,2019-01-08T00:41:56+00:00,2019-01-08T01:08:43+00:00,Manual,Public
PL50AAFA8FC661D57F,False,,Watch later,en_US,2011-03-11T22:39:37+00:00,2023-10-27T19:56:53+00:00,Manual,Private
PLwPYvYbokJC-IY5UI6X_nMINFae7APaxv,False,"Sweety High has all the coverage from your favorite stars at red carpets, set visits, press junkets and more!",Red Carpet Interviews | Sweety High,,2017-01-21T00:35:38+00:00,2019-12-18T18:31:37+00:00,Date Published (Newest),Public
PLwPYvYbokJC8gJ7tXKWYfHKEZvI-CXyk2,False,,Girl Talk Podcast,,2019-10-17T00:51:48+00:00,2020-03-19T01:07:21+00:00,Most Popular,Public
PLwPYvYbokJC8zjQmxZmfMOWLPxWZI-as6,False,No caption? No problem!,The Perfect Caption | Sweety High,,2018-03-13T21:26:39+00:00,2018-11-12T23:13:33+00:00,Date Published (Newest),Public





