Channel ID,Google Analytics account ID linked to this channel,Banner Image URL,Creator Business Email,Link URL 1 Title,Link URL 1,Link URL 2 Title,Link URL 2,Link URL 3 Title,Link URL 3,Link URL 4 Title,Link URL 4,Link URL 5 Title,Link URL 5,Link URL 6 Title,Link URL 6
UCeToWA4eh8kzRWjz-_6AZtg,UA-26804757-6,https://yt3.googleusercontent.com/wiPHo64DrIF6E0FIuzpgKcmpCrfoSKRM4cixckZI64ys1Y1R51DErWGTBP1ksPfI9LovjG8QlvQ,social@sweetyhigh.com,SweetyHigh.com,http://www.sweetyhigh.com,TikTok,http://www.tiktok.com/@sweetyhigh,Instagram,http://www.instagram.com/sweetyhigh,Threads,https://www.threads.net/@sweetyhigh,Twitter,http://www.twitter.com/sweetyhigh,Facebook,http://www.facebook.com/sweetyhighcom





