Channel ID,Channel Owner's website 1,Channel Country,Channel Description (Original),Channel Tag 1,Channel Tag 2,Channel Tag 3,Channel Tag 4,Channel Tag 5,Channel Tag 6,Channel Tag 7,Channel Title (Original),Channel Visibility
UCeToWA4eh8kzRWjz-_6AZtg,http://www.sweetyhigh.com,US,"Subscribe to our channel to watch the greatest celeb interviews, exclusive performances, fun DIY videos and soooo much more! Check out sweetyhigh.com for more!",Pop,Culture,Entertainment,Music,Creativity,Interviews,Fangirls,SweetyHigh,Public





